{"current":{"content_for_index":["1494867300050","1494867305824","1494867323962","1494867336782","1494867351019"],"sections":{"header":{"settings":{"show_header":"true","logo_type":"image","logo_text":"PREMIER","logo":"","header_height":"","show_menu":"true","menu":"main-menu","show_header_announcement":"false","announcement_text":"Announcement","announcement_link":"","announcement_color":"#2e91fc","announcement_text_color":"#fff","background_color":"","align_logo":"left"},"type":"header"},"footer":{"settings":{"show_footer":"true","show_copyright":"true","copyright":"Kajabi","show_logo":"false","logo":"","show_menu":"true","menu":"footer","background_color":"","text_color":"","align_logo":"left"},"type":"footer"},"pop_exit":{"settings":{"show":"false","enabled":"false","popup_reveal":"0","frequency":"10","show_img":"false","image":"","text":"\u003ch1\u003eExit Pop\u003c/h1\u003e\r\n\u003cp\u003eLorem ipsum dolor sit amet, consectetur adipiscing elit, sed do eiusmod tempor incididunt ut labore et dolore magna aliqua. Ut enim ad minim veniam, quis nostrud exercitation ullamco laboris nisi ut aliquip ex ea commodo consequat.Lorem ipsum dolor sit amet.\u003c/p\u003e","background_color":""},"type":"pop_exit"},"pop_two_step":{"settings":{"show":"false","form":"","thank_you_url":"","btn_text":"Submit","style":"placeholder","btn_style":"solid","btn_width":"auto","btn_background_color":"","btn_text_color":"","background_color":"","text_color":""},"block_order":["1492725498873","1492725503624"],"type":"pop_two_step","blocks":{"1492725498873":{"settings":{"progress_percent":"50","progress_text":"% Complete","progress_background_color":"","progress_bar_color":""},"type":"progress"},"1492725503624":{"settings":{"text":"\u003ch3\u003eTwo Step\u003c/h3\u003e\r\n\u003cp\u003eLorem ipsum dolor sit amet, consectetur adipiscing elit, sed do eiusmod tempor incididunt ut labore et dolore magna aliqua.\u003c/p\u003e"},"type":"text"}}},"1494867300050":{"settings":{"title":"Hero Section","text":"\u003cp\u003eA Hero section is used to introduce visitors to the product or service the page is associated with. Large background images or videos with a disruptive call to action is recommended.\u003c/p\u003e","type":"image","bg_image":"","bg_video":"","overlay":"","text_color":"","alignment":"center","spacing":"large"},"block_order":["1494867300049_0"],"type":"hero","blocks":{"1494867300049_0":{"settings":{"btn_text":"CALL TO ACTION","btn_action":"http://www.kajabi.com","btn_style":"solid","btn_size":"med","btn_width":"auto","btn_background_color":"","btn_text_color":"","btn_Reveal":"0"},"type":"hero_cta"}}},"1494867305824":{"settings":{"heading":"","subheading":"","background_color":"","text_color":"","spacing":"medium"},"block_order":["1494867305824_0","1494867305824_1","1494867305824_2"],"type":"features","blocks":{"1494867305824_0":{"settings":{"show_image":"true","image":"","img_width":"","heading":"Add a title","text":"\u003cp\u003eUse this text to describe your feature in detail. Visitors enjoy reading well written, descriptive copy about specific features of your product.\u003c/p\u003e","action_link":"","show_cta":"false","btn_text":"CALL TO ACTION","btn_action":"http://www.kajabi.com","btn_style":"solid","btn_size":"med","btn_width":"auto","btn_background_color":"","btn_text_color":"","btn_Reveal":"0"},"type":"feature"},"1494867305824_1":{"settings":{"show_image":"true","image":"","img_width":"","heading":"Add a title","text":"\u003cp\u003eUse this text to describe your feature in detail. Visitors enjoy reading well written, descriptive copy about specific features of your product.\u003c/p\u003e","action_link":"","show_cta":"false","btn_text":"CALL TO ACTION","btn_action":"http://www.kajabi.com","btn_style":"solid","btn_size":"med","btn_width":"auto","btn_background_color":"","btn_text_color":"","btn_Reveal":"0"},"type":"feature"},"1494867305824_2":{"settings":{"show_image":"true","image":"","img_width":"","heading":"Add a title","text":"\u003cp\u003eUse this text to describe your feature in detail. Visitors enjoy reading well written, descriptive copy about specific features of your product.\u003c/p\u003e","action_link":"","show_cta":"false","btn_text":"CALL TO ACTION","btn_action":"http://www.kajabi.com","btn_style":"solid","btn_size":"med","btn_width":"auto","btn_background_color":"","btn_text_color":"","btn_Reveal":"0"},"type":"feature"}}},"1494867323962":{"settings":{"text":"\u003ch4\u003eText \u0026amp; Image\u003c/h4\u003e\r\n\u003cp\u003ePair text with an image to call out a particular feature, benefit, or product. A common best practice is to stack multiple Text \u0026amp; Image sections in an alternating pattern.\u003c/p\u003e","image":"","background_color":"","text_color":"","position":"Right","alignment":"left","spacing":"xs-small"},"type":"text_img"},"1494867336782":{"settings":{"text":"\u003ch4\u003eText \u0026amp; Image\u003c/h4\u003e\r\n\u003cp\u003ePair text with an image to call out a particular feature, benefit, or product. A common best practice is to stack multiple Text \u0026amp; Image sections in an alternating pattern.\u003c/p\u003e","image":"","background_color":"","text_color":"","position":"Left","alignment":"left","spacing":"medium"},"type":"text_img"},"1494867351019":{"settings":{"heading":"Call To Action","subheading":"An instruction to the audience to provoke an immediate response, usually using an imperative verb such as buy now, find out more or visit a store today.","btn_text":"CALL TO ACTION","btn_action":"http://www.kajabi.com","btn_style":"solid","btn_size":"med","btn_width":"auto","btn_background_color":"","btn_text_color":"","btn_Reveal":"0","show_img":"true","bg_image":"","background_color":"","text_color":"","spacing":"medium"},"type":"cta"}},"favicon":"","text_color":"#000","text_color_body":"#55636F","text_color_light":"#fff","heading_font_family":"Montserrat","heading_font_weight":"700","font_family":"Open Sans","font_size_base":"16px","font_size_hero":"60px","color_primary":"#2e91fc","color_offset":"#f9f9f9","color_dark":"#30373e","color_darker":"#272d34","color_success":"#1abc9c","color_info":"#34495e","color_warning":"#f39c12","color_danger":"#e74c3c","color_page_bg":"#eeeeee","color_container_bg":"","use_bg_img":"false","page_background_img":"","v_align":"top","container_width":"default"}}