{
  "current": {
    "sections": {
      "header": {
        "settings": {
          "show_header": "true",
          "logo_type": "image",
          "logo_text": "Online Coach Creator",
          "logo": "themes/1345770/settings_images/WT0CRW5SlmXpAoQjAgBN_logo.png",
          "header_height": "",
          "show_menu": "true",
          "menu": "main-menu",
          "show_user_menu": "true",
          "language_login": "Login",
          "language_logout": "Logout",
          "language_settings": "Settings",
          "language_library": "My Library",
          "background_color_user": "",
          "text_color_user": "",
          "show_header_announcement": "false",
          "announcement_text": "Announcement",
          "announcement_link": "",
          "link_target": "false",
          "announcement_color": "#2e91fc",
          "announcement_text_color": "#fff",
          "background_color": "",
          "text_color": "",
          "align_logo": "left"
        },
        "type": "header",
        "hidden": "false",
        "name": "Header"
      },
      "footer": {
        "settings": {
          "show_footer": "true",
          "show_copyright": "true",
          "copyright": "Kajabi",
          "show_logo": "false",
          "logo": "",
          "show_menu": "true",
          "menu": "footer",
          "background_color": "",
          "text_color": "",
          "align_logo": "left",
          "show_social_icons": "true",
          "social_target": "false",
          "social_icon_background_style": "social-icons--none",
          "social_icon_alignment": "social-icons--left",
          "social_icons_text_color": "",
          "social_icons_background_color": "",
          "social_icon_link_facebook": "https://www.facebook.com/kajabi",
          "social_icon_link_twitter": "https://www.twitter.com/kajabi",
          "social_icon_link_instagram": "https://www.instagram.com/kajabi/",
          "social_icon_link_youtube": "",
          "social_icon_link_pinterest": "",
          "social_icon_link_google_plus": "",
          "social_icon_link_vimeo": "",
          "social_icon_link_github": "",
          "social_icon_link_itunes": "",
          "social_icon_link_linkedin": "",
          "social_icon_link_soundcloud": "",
          "social_icon_link_yelp": "",
          "social_icon_link_tumblr": "",
          "social_icon_link_slack": "",
          "social_icon_link_flickr": "",
          "social_icon_link_dribbble": ""
        },
        "type": "footer",
        "hidden": "false",
        "name": "Footer"
      },
      "pop_exit": {
        "settings": {
          "show": "false",
          "enabled": "false",
          "popup_reveal": "0",
          "frequency": "10",
          "show_img": "false",
          "image": "",
          "text": "<h1>Exit Pop</h1>\r\n<p>Lorem ipsum dolor sit amet, consectetur adipiscing elit, sed do eiusmod tempor incididunt ut labore et dolore magna aliqua. Ut enim ad minim veniam, quis nostrud exercitation ullamco laboris nisi ut aliquip ex ea commodo consequat.Lorem ipsum dolor sit amet.</p>",
          "background_color": ""
        },
        "type": "pop_exit",
        "hidden": "false",
        "name": "Exit Popup"
      },
      "pop_two_step": {
        "settings": {
          "show": "false",
          "show_img": "true",
          "image": "",
          "form": "",
          "thank_you_url": "",
          "btn_text": "Submit",
          "style": "placeholder",
          "btn_style": "solid",
          "btn_width": "auto",
          "btn_background_color": "",
          "btn_text_color": "",
          "background_color": "",
          "text_color": ""
        },
        "block_order": [
          "1492725498873",
          "1492725503624"
        ],
        "type": "pop_two_step",
        "hidden": "false",
        "name": "Two Step Optin",
        "blocks": {
          "1492725498873": {
            "settings": {
              "progress_percent": "50",
              "progress_text": "% Complete",
              "progress_background_color": "",
              "progress_bar_color": ""
            },
            "type": "progress"
          },
          "1492725503624": {
            "settings": {
              "text": "<h3>Two Step</h3>\r\n<p>Lorem ipsum dolor sit amet, consectetur adipiscing elit, sed do eiusmod tempor incididunt ut labore et dolore magna aliqua.</p>"
            },
            "type": "text"
          }
        }
      },
      "1573658472243": {
        "settings": {
          "occt_sc_testimonial_description": "<p><span style=\"color: #232323;\">&ldquo;I&rsquo;m so happy I got my first client in my new transformation program at $3,600 after only two months in the Online Coach Creator. And then I got another one at $4,320. Before this, I was selling 10 sessions for $350, and I didn&rsquo;t know what to do. I needed direction. So I joined Brandon&rsquo;s program and now I&rsquo;m looking forward to the future!&rdquo;</span></p>",
          "occt_sc_testimonial_image": "themes/1413604/settings_images/5Pmi7hezTM2Pa5Ynyxgs_Maria.jpg",
          "occt_sc_testimonial_spacing": "medium"
        },
        "type": "occt_testimonial",
        "hidden": "false",
        "name": "OCCT Testimonial"
      },
      "1575576882651": {
        "settings": {
          "occt_sc_testimonial_description": "<p><span style=\"color: #232323;\">&ldquo;Can you believe that after 4 years of working at the gym, next month your boy is going to be out? I transitioned most of my clients to an online program and have already enrolled over $7,500 in new clients for my new signature program. I couldn&rsquo;t have done this without the Online Coach Creator, and I&rsquo;m so excited to start a new life for myself running my own business! You&rsquo;ve got to do the strategy session with Brandon. That was the biggest starting point for me when he helped me get massive clarity on what I really wanted.&rdquo;</span></p>",
          "occt_sc_testimonial_image": "themes/1413604/settings_images/uR6Vg4NwTkG92BWmCrnL_Jason-Rosati-1.jpg",
          "occt_sc_testimonial_spacing": "small"
        },
        "type": "occt_testimonial",
        "hidden": "false",
        "name": "OCCT Testimonial"
      },
      "1575654247027": {
        "settings": {
          "occt_sc_landing_vdo_ttl_1": "How to Create, Launch, and Grow ",
          "occt_sc_landing_vdo_ttl_1_clr": "#e2c44f",
          "occt_sc_landing_vdo_ttl_2": "Your  Online Coaching Business",
          "occt_sc_landing_vdo_ttl_2_clr": "#ffffff",
          "occt_sc_landing_vdo_description": "<p><span style=\"color: #ffffff;\">Without getting lost, overwhelmed, or confused along the way. Leverage the simple system I used to get my First 10 Online Coaching Clients AND grow.</span></p>",
          "occt_sc_landing_vdo_spacing": "medium",
          "occt_sc_landing_vdo_overlay_clr": "#1e1e24",
          "occt_sc_landing_vdo_btn_ttl": "BOOK A STRATEGY CALL",
          "occt_sc_landing_vdo_btn_ttl_clr": "#30373e",
          "occt_sc_landing_vdo_btn_clr": "#e2c44f",
          "occt_sc_landing_vdo_btn_action_link": "/resource_redirect/landing_pages/836498",
          "autoplay": "false",
          "video": "3717323",
          "image": "themes/1345770/settings_images/z0kvOhHVSueciGPTXPsS_file.jpg",
          "video_color": "#e2c44f",
          "occt_sc_landing_vdo_main_centerd_img": "themes/1345770/settings_images/kOkSc4VeTguwMcX0HOwC_file.jpg"
        },
        "type": "occt_landing_video_section",
        "hidden": "false",
        "name": "OCCT Landing Vided Section"
      },
      "1575663340010": {
        "settings": {
          "occt_sc_about_ttl_1": "Click Below to apply",
          "occt_sc_about_ttl_1_clr": "#30373e",
          "occt_sc_about_ttl_2": "",
          "occt_sc_about_ttl_2_clr": "#30373e",
          "occt_sc_about_spacing": "",
          "occt_sc_about_logo_img": "",
          "occt_sc_about_banner_clr": "#e2c44f",
          "occt_sc_about_main_img": "themes/1413604/settings_images/UBKQkijTRm4ac4QEUrIl_Bradnon-standing.png",
          "occt_sc_about_description": "<p><span style=\"color: #232323;\">Are you ready to design, build, and launch your profitable coaching business that is GUARANTEED to generate MASSIVE revenue within the next 6 months?</span></p>",
          "occt_sc_about_btn_show": "true",
          "occt_sc_about_btn_ttl": "BOOK A STRATEGY CALL",
          "occt_sc_about_btn_ttl_clr": "#30373e",
          "occt_sc_about_btn_clr": "#e2c44f",
          "occt_sc_about_btn_action_link": "/resource_redirect/landing_pages/782069"
        },
        "type": "occt_about_section",
        "hidden": "false",
        "name": "OCCT About Section"
      },
      "1576090809691": {
        "settings": {
          "occt_sc_testimonial_description": "<p><span style=\"color: #232323;\">&ldquo;As an independent entrepreneur, I often have a hard time asking for help, and when I first began the coaching process, I would often come to sessions scatterbrained and uncertain of what direction to take my business. Brandon helped me piece my thoughts together and create some structure so I had a clear picture of the steps I needed to take to improve my business. In the first 8 weeks, I was able to create a standardized method for running my business that allowed me to free up more time and allow for growth. Brandon&rsquo;s program has set me on a much clearer and focused trajectory.&rdquo;</span></p>",
          "occt_sc_testimonial_image": "themes/1413604/settings_images/AHnLaVCRThuw8HY0vpKb_testimonials_images.jpg",
          "occt_sc_testimonial_spacing": "medium"
        },
        "type": "occt_testimonial",
        "hidden": "false",
        "name": "OCCT Testimonial"
      },
      "1576090821608": {
        "settings": {
          "occt_sc_testimonial_description": "<p><span style=\"color: #232323;\">&ldquo;After just the first month, I finally got my messaging right and found clarity on how I want to move forward with my business the right way. Before this program, I was struggling for years with clarity, messaging, and branding and trying to get it all to make sense. I had taken countless courses and lost thousands of dollars to other coaches who couldn&rsquo;t help. But Brandon&rsquo;s program helped me dig deep and brought to surface exactly how I need to create my coaching program to attract the right clients.&rdquo;</span></p>",
          "occt_sc_testimonial_image": "themes/1413604/settings_images/ENeeBAZwQuupopy5odm1_Erin-1.jpg",
          "occt_sc_testimonial_spacing": "medium"
        },
        "type": "occt_testimonial",
        "hidden": "false",
        "name": "OCCT Testimonial"
      },
      "1576176196154": {
        "settings": {
          "heading": "LAUNCH YOUR BUSINESS",
          "subheading": "We've helped coaches all over the world launch their online business... are you next?",
          "show_bar": "false",
          "background_color": "",
          "text_color": "",
          "bar_color": "",
          "font_size_heading": "md",
          "font_size_subheading": "md",
          "spacing": "xs-small"
        },
        "type": "heading",
        "hidden": "false",
        "name": "Heading"
      }
    },
    "text_color": "#000",
    "text_color_light": "#fff",
    "font_family": "Open Sans",
    "heading_font_family": "Montserrat",
    "color_primary": "#2e91fc",
    "color_offset": "#f9f9f9",
    "color_dark": "#34495e",
    "color_darker": "#272d34",
    "color_success": "#1abc9c",
    "color_info": "#34495e",
    "color_warning": "#f39c12",
    "color_danger": "#e74c3c",
    "color_page_bg": "#eeeeee",
    "color_container_bg": "",
    "use_bg_img": "false",
    "page_background_img": "",
    "v_align": "top",
    "container_width": "default",
    "favicon": "",
    "content_for_index": [
      "",
      "1575654247027",
      "1576176196154",
      "1575576882651",
      "1573658472243",
      "1576090809691",
      "1576090821608",
      "1575663340010"
    ],
    "text_color_body": "#55636F",
    "heading_font_weight": "700",
    "font_size_base": "16px",
    "font_size_hero": "60px",
    "recover_text": "Recover Password",
    "email_text": "Email",
    "recovery_text": "Send Recovery Info",
    "login_text": "Login",
    "reset_text": "Create new password",
    "new_password": "Enter New Password",
    "confirm_password": "Confirm Password",
    "reset_btn": "Submit",
    "show_comments": "false",
    "short_code": ""
  }
}