{
  "current": {
    "sections": {
      "header": {
        "settings": {
          "show_header": "true",
          "logo_type": "image",
          "logo_text": "Online Coach Creator",
          "logo": "themes/1345770/settings_images/WT0CRW5SlmXpAoQjAgBN_logo.png",
          "header_height": "",
          "show_menu": "true",
          "menu": "main-menu",
          "language_login": "Login",
          "language_logout": "Logout",
          "language_settings": "Settings",
          "language_library": "My Library",
          "background_color_user": "",
          "text_color_user": "",
          "show_header_announcement": "false",
          "announcement_text": "Announcement",
          "announcement_link": "",
          "link_target": "false",
          "announcement_color": "#2e91fc",
          "announcement_text_color": "#fff",
          "background_color": "",
          "text_color": "",
          "align_logo": "left"
        },
        "type": "header",
        "hidden": "false",
        "name": "Header"
      },
      "footer": {
        "settings": {
          "show_footer": "true",
          "show_copyright": "true",
          "copyright": "Kajabi",
          "show_logo": "false",
          "logo": "",
          "show_menu": "true",
          "menu": "footer",
          "background_color": "",
          "text_color": "",
          "align_logo": "left",
          "show_social_icons": "true",
          "social_icon_background_style": "social-icons--none",
          "social_icon_alignment": "social-icons--left",
          "social_icons_text_color": "",
          "social_icons_background_color": "",
          "btn_target": "false",
          "social_icon_link_facebook": "https://www.facebook.com/kajabi",
          "social_icon_link_twitter": "https://www.twitter.com/kajabi",
          "social_icon_link_instagram": "https://www.instagram.com/kajabi/",
          "social_icon_link_youtube": "",
          "social_icon_link_pinterest": "",
          "social_icon_link_google_plus": "",
          "social_icon_link_vimeo": "",
          "social_icon_link_github": "",
          "social_icon_link_itunes": "",
          "social_icon_link_linkedin": "",
          "social_icon_link_soundcloud": "",
          "social_icon_link_yelp": "",
          "social_icon_link_tumblr": "",
          "social_icon_link_slack": "",
          "social_icon_link_flickr": "",
          "social_icon_link_dribbble": ""
        },
        "type": "footer",
        "hidden": "false",
        "name": "Footer"
      },
      "pop_exit": {
        "settings": {
          "show": "false",
          "enabled": "false",
          "frequency": "10",
          "show_img": "false",
          "image": "",
          "text": "<h1>Exit Pop</h1>\r\n<p>Lorem ipsum dolor sit amet, consectetur adipiscing elit, sed do eiusmod tempor incididunt ut labore et dolore magna aliqua. Ut enim ad minim veniam, quis nostrud exercitation ullamco laboris nisi ut aliquip ex ea commodo consequat.Lorem ipsum dolor sit amet.</p>",
          "background_color": ""
        },
        "type": "pop_exit",
        "hidden": "false",
        "name": "Exit Popup"
      },
      "pop_two_step": {
        "settings": {
          "show": "false",
          "show_img": "true",
          "image": "",
          "form": "",
          "thank_you_url": "",
          "btn_text": "Submit",
          "style": "placeholder",
          "btn_style": "solid",
          "btn_width": "auto",
          "btn_background_color": "",
          "btn_text_color": "",
          "background_color": "",
          "text_color": ""
        },
        "block_order": [
          "1492725498873",
          "1492725503624"
        ],
        "type": "pop_two_step",
        "hidden": "false",
        "name": "Two Step Optin",
        "blocks": {
          "1492725498873": {
            "settings": {
              "progress_percent": "50",
              "progress_text": "% Complete",
              "progress_background_color": "",
              "progress_bar_color": ""
            },
            "type": "progress"
          },
          "1492725503624": {
            "settings": {
              "text": "<h3>Two Step</h3>\r\n<p>Lorem ipsum dolor sit amet, consectetur adipiscing elit, sed do eiusmod tempor incididunt ut labore et dolore magna aliqua.</p>"
            },
            "type": "text"
          }
        }
      },
      "1573658472243": {
        "settings": {
          "occt_sc_testimonial_description": "<p>&ldquo;As an independent entrepreneur, I often have a hard time asking for help, and when I first began the coaching process, I would often come to sessions scatterbrained and uncertain of what direction to take my business. Brandon helped me piece my thoughts together and create some structure so I had a clear picture of the steps I needed to take to improve my business. In the first 8 weeks, I was able to create a standardized method for running my business that allowed me to free up more time and allow for growth. Brandon&rsquo;s program has set me on a much clearer and focused trajectory.&rdquo;</p>",
          "occt_sc_testimonial_image": "",
          "occt_sc_testimonial_spacing": "medium"
        },
        "type": "occt_testimonial",
        "hidden": "false",
        "name": "OCCT Testimonial"
      },
      "1574088713814": {
        "settings": {
          "occt_sc_leftimage_ttl_1": "CUSTOM ",
          "occt_sc_leftimage_ttl_1_clr": "#232323",
          "occt_sc_leftimage_ttl_2": "PACKAGES SECTION",
          "occt_sc_leftimage_ttl_2_clr": "#b2b2b2",
          "occt_sc_leftimage_spacing": "medium",
          "occt_sc_leftimage_img": "themes/1345770/settings_images/1cYjl4E9S42BdPHa1eg1_shamim-nakhaei-_U2kSKFEJfE-unsplash.jpg",
          "occt_sc_leftimage_description": "<p style=\"color: #000; max-width: 600px; padding: 0px 10px; margin-bottom: 50px;\">All of our packages are 100% custom designed for your unique needs. Our Online Strategy Consultations are completely free with absolutely ZERO pressure to purchase. We&rsquo;ll simply give you the 3 best recommendations for solutions that will fit your needs. Packages start at $3,000</p>"
        },
        "type": "occt_left_image",
        "hidden": "false",
        "name": "Occt Left Image"
      },
      "1574090697672": {
        "settings": {
          "occt_sc_descriptive_ttl_1": "AUDIENCE ",
          "occt_sc_descriptive_ttl_1_clr": "#ffffff",
          "occt_sc_descriptive_ttl_2": "BUILDING SECTION ",
          "occt_sc_descriptive_ttl_2_clr": "#e2c44f",
          "occt_sc_descriptive_spacing": "medium",
          "occt_sc_descriptive_overlay_clr": "#1e1e24",
          "occt_sc_descriptive_btn_ttl": "Talk to an Online Strategy Consultant",
          "occt_sc_descriptive_btn_clr": "#e2c44f",
          "occt_sc_descriptive_btn_action_link": "http://www.kajabi.com",
          "occt_sc_descriptive_bg_img": "themes/1345770/settings_images/bqG4xkkJTH6WMHv7QoPE_descriptive-brandon.jpg",
          "occt_sc_descriptive_description": "<p style=\"color: white; max-width: 800px; margin: auto; text-align: center;\">This is a hot topic these days. Everyone seems to think that running Facebook ads will generate thousands of leads on autopilot. Here&rsquo;s the reality: running paid traffic to generate new leads for your coaching or consulting business is MOST effective when done in conjunction with an organic traffic strategy.</p>\r\n<p style=\"color: white; max-width: 800px; margin: auto; text-align: center;\">At The Online Coach Creator, we help you create a comprehensive traffic strategy, which includes leveraging multiple channels for maximum impact. So, yes, we can run your paid traffic for you if that&rsquo;s an appropriate next step for your business&rsquo; maturity level. But rest assured we&rsquo;re not here to push services that you don&rsquo;t need, so we will only recommend a paid traffic strategy if you&rsquo;re ready for it.</p>"
        },
        "type": "occt_descriptive_section",
        "hidden": "false",
        "name": "OCCT Descriptive Section"
      },
      "1574091241035": {
        "settings": {
          "occt_sc_landing_ttl_1": "ONLINE BUSINESS DEVELOPMENT  ",
          "occt_sc_landing_ttl_1_clr": "#e2c44f",
          "occt_sc_landing_ttl_2": "AND LEAD GENERATION  FOR THE ONLINE COACH OR CONSULTANT",
          "occt_sc_landing_ttl_2_clr": "#ffffff",
          "occt_sc_landing_spacing": "medium",
          "occt_sc_landing_overlay_clr": "#1e1e24",
          "occt_sc_landing_btn_ttl": "Talk to an Online Strategy Consultant",
          "occt_sc_landing_btn_clr": "#f1c40f",
          "occt_sc_landing_btn_action_link": "http://www.kajabi.com",
          "occt_sc_landing_bg_img": "themes/1345770/settings_images/alud3aJQQaG1PeakzerE_landing-bg.jpg",
          "occt_sc_landing_main_centerd_img": "themes/1345770/settings_images/LKUw5GxyS5KbKleDqICm_brandon_landing.png"
        },
        "type": "occt_landing_section",
        "hidden": "false",
        "name": "OCCT Landing Section"
      },
      "1574092833545": {
        "settings": {
          "occt_sc_about_ttl_1": "overview ",
          "occt_sc_about_ttl_1_clr": "#e2c44f",
          "occt_sc_about_ttl_2": "AT a glance",
          "occt_sc_about_ttl_2_clr": "#232323",
          "occt_sc_about_spacing": "small",
          "occt_sc_about_logo_img": "themes/1345770/settings_images/H3XPQFhQKuBFWlJkx3CQ_logo.png",
          "occt_sc_about_banner_clr": "#e2c44f",
          "occt_sc_about_bg_img": "themes/1345770/settings_images/HedBXNMoTMem9q6zpKZ2_Asset_14x.png",
          "occt_sc_about_main_img": "themes/1345770/settings_images/NUzhkFnvRSCxxNF20oqd_bw-brandon-c.png",
          "occt_sc_about_description": "<p style=\"color: #232323; max-width: 800px; margin: auto;\">For the expert launching an online coaching or consulting business, there are just a few digital tools you need to amplify your client acquisition and to seamlessly deliver your content so you can create a raving fan tribe.</p>\r\n<p style=\"color: #232323; max-width: 800px; margin: auto;\">If the thought of building websites, designing your own graphics, studying funnel strategy, and clicking around to integrate all your systems makes you want to slam your head against a car window, then you&rsquo;ll find welcomed relief from one of our premium service packages.</p>",
          "occt_sc_about_btn_show": "false",
          "occt_sc_about_btn_ttl": "This is button Title",
          "occt_sc_about_btn_clr": "#30373e",
          "occt_sc_about_btn_action_link": "http://www.kajabi.com"
        },
        "type": "occt_about_section",
        "hidden": "false",
        "name": "Occt About Section"
      },
      "1574102889009": {
        "settings": {
          "occt_sc_single_card_spacing": "medium"
        },
        "block_order": [
          "1574102889009_0",
          "1574102889009_1",
          "1574102889009_2",
          "1574102889009_3",
          "1574102889009_4",
          "1574102889009_5"
        ],
        "type": "occt_card_section",
        "hidden": "false",
        "name": "OCCT Cards Section",
        "blocks": {
          "1574102889009_0": {
            "settings": {
              "occt_bl_single_card_section_fnt_img": "themes/1345770/settings_images/7MMJYsKWRtSyx9WTGMYY_Online_Brand_Strategy_Map.jpg",
              "occt_bl_single_card_section_bak_description": "<p style=\"color: #b2b2b2; text-align: left;\">Once we have everything setup, we will automate key systems based on your unique needs. Now you can sit back and enjoy new consultation notifications pop up on your phone.</p>",
              "occt_bl_single_card_section_bak_color": "#0a1437"
            },
            "type": "occt_card_section"
          },
          "1574102889009_1": {
            "settings": {
              "occt_bl_single_card_section_fnt_img": "themes/1345770/settings_images/DZKJhEciTQiWCU67c5JU_Professional_Website_Design.jpg",
              "occt_bl_single_card_section_bak_description": "<p style=\"color: #b2b2b2; text-align: left;\">Once we have everything setup, we will automate key systems based on your unique needs. Now you can sit back and enjoy new consultation notifications pop up on your phone.</p>",
              "occt_bl_single_card_section_bak_color": "#0a1437"
            },
            "type": "occt_card_section"
          },
          "1574102889009_2": {
            "settings": {
              "occt_bl_single_card_section_fnt_img": "themes/1345770/settings_images/JJWcLj51S8WbtOyJ54Il_Integrated_Funnel_Build.jpg",
              "occt_bl_single_card_section_bak_description": "<p style=\"color: #b2b2b2; text-align: left;\">Once we have everything setup, we will automate key systems based on your unique needs. Now you can sit back and enjoy new consultation notifications pop up on your phone.</p>",
              "occt_bl_single_card_section_bak_color": "#0a1437"
            },
            "type": "occt_card_section"
          },
          "1574102889009_3": {
            "settings": {
              "occt_bl_single_card_section_fnt_img": "themes/1345770/settings_images/XIJKWJceTkaqG2UMYHdB_Beautiful_Graphic_Design.jpg",
              "occt_bl_single_card_section_bak_description": "<p style=\"color: #b2b2b2; text-align: left;\">Once we have everything setup, we will automate key systems based on your unique needs. Now you can sit back and enjoy new consultation notifications pop up on your phone.</p>",
              "occt_bl_single_card_section_bak_color": "#0a1437"
            },
            "type": "occt_card_section"
          },
          "1574102889009_4": {
            "settings": {
              "occt_bl_single_card_section_fnt_img": "themes/1345770/settings_images/kuNUp6WrSFOEpOGvCuzN_Digital_Learning_Platform.jpg",
              "occt_bl_single_card_section_bak_description": "<p style=\"color: #b2b2b2; text-align: left;\">Once we have everything setup, we will automate key systems based on your unique needs. Now you can sit back and enjoy new consultation notifications pop up on your phone.</p>",
              "occt_bl_single_card_section_bak_color": "#0a1437"
            },
            "type": "occt_card_section"
          },
          "1574102889009_5": {
            "settings": {
              "occt_bl_single_card_section_fnt_img": "themes/1345770/settings_images/xXkoKEl3Q1ySqnh8qXIl_Digital_Learning_Platform.jpg",
              "occt_bl_single_card_section_bak_description": "<p style=\"color: #b2b2b2; text-align: left;\">Once we have everything setup, we will automate key systems based on your unique needs. Now you can sit back and enjoy new consultation notifications pop up on your phone.</p>",
              "occt_bl_single_card_section_bak_color": "#0a1437"
            },
            "type": "occt_card_section"
          }
        }
      },
      "1575305170259": {
        "settings": {
          "occt_section_two_card_spacing": "medium",
          "occt_sc_two_card_ttl_1": "THE 5 PHASES",
          "occt_sc_two_card_ttl_1_clr": "#e2c44f",
          "occt_sc_two_card_ttl_2": " OF BUSINESS BUILDING",
          "occt_sc_two_card_ttl_2_clr": "#0a1437",
          "occt_sc_two_card_description": "<p style=\"color: #1e1e24; max-width: 700px; margin: 20px auto;\">All of the most successful online coaches create predictable results using a few essential tools and processes. The Online Coach Creator will guide you through the 5 Phases of Online Business Building so that you never have to worry about where your next client is coming from.</p>"
        },
        "block_order": [
          "1575305170259_0",
          "1575305170259_1",
          "1575305170259_2",
          "1575305170259_4",
          "1575577013993"
        ],
        "type": "occt_two_card_section",
        "hidden": "false",
        "name": "OCCT Two Cards Section",
        "blocks": {
          "1575305170259_0": {
            "settings": {
              "occt_bl_single_card_section_fnt_img": "themes/1345770/settings_images/yu3Lq3AJTHG24yOea5Qk_file.jpg",
              "occt_bl_single_card_section_bak_description": "<p style=\"color: #b2b2b2; text-align: left;\">Once we have everything setup, we will automate key systems based on your unique needs. Now you can sit back and enjoy new consultation notifications pop up on your phone.</p>",
              "occt_bl_single_card_section_bak_color": "#1e1e24"
            },
            "type": "occt_card_section"
          },
          "1575305170259_1": {
            "settings": {
              "occt_bl_single_card_section_fnt_img": "themes/1345770/settings_images/nF10OfzuRmyE5Ob21ruv_file.jpg",
              "occt_bl_single_card_section_bak_description": "<p style=\"color: #b2b2b2; text-align: left;\">Once we have everything setup, we will automate key systems based on your unique needs. Now you can sit back and enjoy new consultation notifications pop up on your phone.</p>",
              "occt_bl_single_card_section_bak_color": "#1e1e24"
            },
            "type": "occt_card_section"
          },
          "1575305170259_2": {
            "settings": {
              "occt_bl_single_card_section_fnt_img": "themes/1345770/settings_images/sTc1OdAQk2loclWUVeUf_file.jpg",
              "occt_bl_single_card_section_bak_description": "<p style=\"color: #b2b2b2; text-align: left;\">Once we have everything setup, we will automate key systems based on your unique needs. Now you can sit back and enjoy new consultation notifications pop up on your phone.</p>",
              "occt_bl_single_card_section_bak_color": "#1e1e24"
            },
            "type": "occt_card_section"
          },
          "1575305170259_4": {
            "settings": {
              "occt_bl_single_card_section_fnt_img": "themes/1345770/settings_images/ztk6r7SS8myODp358IlY_file.jpg",
              "occt_bl_single_card_section_bak_description": "<p style=\"color: #b2b2b2; text-align: left;\">Once we have everything setup, we will automate key systems based on your unique needs. Now you can sit back and enjoy new consultation notifications pop up on your phone.</p>",
              "occt_bl_single_card_section_bak_color": "#1e1e24"
            },
            "type": "occt_card_section"
          },
          "1575577013993": {
            "settings": {
              "occt_bl_single_card_section_fnt_img": "themes/1345770/settings_images/HGeYNvR7eSksAMFpfxAs_file.jpg",
              "occt_bl_single_card_section_bak_description": "<p style=\"color: #b2b2b2; text-align: left;\">Once we have everything setup, we will automate key systems based on your unique needs. Now you can sit back and enjoy new consultation notifications pop up on your phone.</p>",
              "occt_bl_single_card_section_bak_color": "#30373e"
            },
            "type": "occt_card_section"
          }
        }
      },
      "1575311306596": {
        "settings": {
          "occt_sc_imging_this_ttl_1": "Imagine",
          "occt_sc_imging_this_ttl_1_clr": "#e2c44f",
          "occt_sc_imging_this_ttl_2": "This",
          "occt_sc_imging_this_ttl_2_clr": "#ffffff",
          "occt_sc_imging_this_spacing": "medium",
          "occt_sc_imging_this_overlay_clr": "#1e1e24",
          "occt_sc_imging_this_btn_ttl": "YES, THAT'S WHAT I WANT",
          "occt_sc_imging_this_btn_clr": "#e2c44f",
          "occt_sc_imging_this_btn_action_link": "http://www.kajabi.com",
          "occt_sc_imging_this_bg_image": "themes/1345770/settings_images/2O21ejaSYGhR23pU4Hts_imagin-this-bg.jpg"
        },
        "block_order": [
          "1575311306596_0",
          "1575311306596_1",
          "1575311306596_2",
          "1575311306596_3",
          "1575311306596_4"
        ],
        "type": "occt_imagine_this_section",
        "hidden": "false",
        "name": "OCCT Imagine This Section",
        "blocks": {
          "1575311306596_0": {
            "settings": {
              "occt_sc_single_imging_this_description": "<p>What if you had absolute clarity on exactly how to powerfully communicate the real value you bring to someone&rsquo;s life through coaching?</p>",
              "occt_sc_single_imging_this_description_clr": "#ffffff",
              "occt_sc_single_imging_this_bg_clr": "#1e1e24"
            },
            "type": "occt_imaging_single_content"
          },
          "1575311306596_1": {
            "settings": {
              "occt_sc_single_imging_this_description": "<p>And what if you had a clear and concise action plan that you could implement on a daily basis to get you in front of clients who are actually willing to invest in a long term coaching program with you?</p>",
              "occt_sc_single_imging_this_description_clr": "#1e1e24",
              "occt_sc_single_imging_this_bg_clr": "#e2c44f"
            },
            "type": "occt_imaging_single_content"
          },
          "1575311306596_2": {
            "settings": {
              "occt_sc_single_imging_this_description": "<p>What if you had absolute clarity on exactly how to powerfully communicate the real value you bring to someone&rsquo;s life through coaching?</p>",
              "occt_sc_single_imging_this_description_clr": "#ffffff",
              "occt_sc_single_imging_this_bg_clr": "#1e1e24"
            },
            "type": "occt_imaging_single_content"
          },
          "1575311306596_3": {
            "settings": {
              "occt_sc_single_imging_this_description": "<p>And what if you had a clear and concise action plan that you could implement on a daily basis to get you in front of clients who are actually willing to invest in a long term coaching program with you?</p>",
              "occt_sc_single_imging_this_description_clr": "#1e1e24",
              "occt_sc_single_imging_this_bg_clr": "#e2c44f"
            },
            "type": "occt_imaging_single_content"
          },
          "1575311306596_4": {
            "settings": {
              "occt_sc_single_imging_this_description": "<p>What if you had absolute clarity on exactly how to powerfully communicate the real value you bring to someone&rsquo;s life through coaching?</p>",
              "occt_sc_single_imging_this_description_clr": "#ffffff",
              "occt_sc_single_imging_this_bg_clr": "#1e1e24"
            },
            "type": "occt_imaging_single_content"
          }
        }
      },
      "1575314238983": {
        "settings": {
          "occt_sc_accordion_ttl_1": "Frequently Asked Questions",
          "occt_sc_accordion_ttl_1_clr": "#1e1e24",
          "occt_sc_accordion_ttl_2": "This is an example Title 2",
          "occt_sc_accordion_ttl_2_clr": "#30373e",
          "occt_sc_accordion_spacing": "medium",
          "occt_sc_accordion_overlay_clr": "#ffffff",
          "occt_sc_accordion_bg_image": "themes/1345770/settings_images/j5Y3VPLQR0efpHTtfHfJ_acc-cov.jpg"
        },
        "block_order": [
          "1575314238983_0",
          "1575314238983_1",
          "1575314238983_2",
          "1575574552160"
        ],
        "type": "occt_accordion",
        "hidden": "false",
        "name": "OCCT Accordion",
        "blocks": {
          "1575314238983_0": {
            "settings": {
              "occt_accordion_single_item_trigger": "What results can I expect?   ",
              "occt_accordion_single_item_trigger_clr": "#ffffff",
              "occt_accordion_single_item_description": "<p>Although results will vary depending on your prior experience and the maturity of your business, a reasonable expectation is up to a 10x return on your initial investment. The program is designed to not only create a pathway to begin generating new clients right away, but to also give you an ongoing return after the initial 6-months. Remember, this is not a get rich quick type of coaching program. We teach you foundational skills and strategies that you will have for the rest of your life.</p>",
              "occt_accordion_single_item_description_clr": "#ffffff",
              "occt_accordion_single_item_bg_color": "#1e1e24"
            },
            "type": "occt_accordion_single_item"
          },
          "1575314238983_1": {
            "settings": {
              "occt_accordion_single_item_trigger": "Is there a guarantee?   ",
              "occt_accordion_single_item_trigger_clr": "#1e1e24",
              "occt_accordion_single_item_description": "<p>Yup! We guarantee you are gonna love the process, meet tons of awesome new people, create a fully functional online coaching business, and to top it off we also have a $20k revenue guarantee. We&rsquo;re able to do that because we know the process works and the outcomes are predictable.</p>",
              "occt_accordion_single_item_description_clr": "#1e1e24",
              "occt_accordion_single_item_bg_color": "#e2c44f"
            },
            "type": "occt_accordion_single_item"
          },
          "1575314238983_2": {
            "settings": {
              "occt_accordion_single_item_trigger": "How does it work?   ",
              "occt_accordion_single_item_trigger_clr": "#ffffff",
              "occt_accordion_single_item_description": "<p>The Fit Pro Business Launcher is a comprehensive coaching system that utilizes digital training, companion assignments and growth exercises, one-on-one coaching, group coaching, supportive feedback via multiple channels, and live training to produce results unlike any other fitness coach development system out there.</p>",
              "occt_accordion_single_item_description_clr": "#ffffff",
              "occt_accordion_single_item_bg_color": "#1e1e24"
            },
            "type": "occt_accordion_single_item"
          },
          "1575574552160": {
            "settings": {
              "occt_accordion_single_item_trigger": "What if I'm already in another program?   ",
              "occt_accordion_single_item_trigger_clr": "#1e1e24",
              "occt_accordion_single_item_description": "<p>No problem! Many of our program participants are in other programs while they work through Fit Pro Business Launcher. Because Fit Pro Business Launcher teaches you the fundamentals of any solid fitness coaching business, it can serve as the foundation to any other program out there, including that certification you may have already enrolled in.</p>",
              "occt_accordion_single_item_description_clr": "#1e1e24",
              "occt_accordion_single_item_bg_color": "#e2c44f"
            },
            "type": "occt_accordion_single_item"
          }
        }
      },
      "1575576551566": {
        "settings": {
          "occt_sc_descriptive_ttl_1": "THE ONLINE ",
          "occt_sc_descriptive_ttl_1_clr": "#ffffff",
          "occt_sc_descriptive_ttl_2": "COACH CREATOR",
          "occt_sc_descriptive_ttl_2_clr": "#e2c44f",
          "occt_sc_descriptive_spacing": "medium",
          "occt_sc_descriptive_overlay_clr": "#1e1e24",
          "occt_sc_descriptive_btn_ttl": "Let's Do this",
          "occt_sc_descriptive_btn_clr": "#e2c44f",
          "occt_sc_descriptive_btn_action_link": "http://www.kajabi.com",
          "occt_sc_descriptive_bg_img": "themes/1345770/settings_images/wPQvriU3TxKQKOTPZ7dK_Hero-Program-Summary-Background.jpg",
          "occt_sc_descriptive_description": "<p class=\"text-center\" style=\"color: #fff; max-width: 700px; margin: auto;\">Learn my step-by-step proven process to take your coaching business online so you can impact more lives, control what you earn, and live the lifestyle you deserve.</p>"
        },
        "type": "occt_descriptive_section",
        "hidden": "false",
        "name": "OCCT Descriptive Section"
      },
      "1575576882651": {
        "settings": {
          "occt_sc_testimonial_description": "<p>&ldquo;I need you all to know how much Brandon&rsquo;s program changed things for me, because I literally was about to throw in the towel when he reached out to me. I wasted over $20,000 on other coaches and got nowhere. But within the first 30 days of Online Coach Creator I enrolled my first two high-end clients and now I&rsquo;m enrolling clients at over $1,000 per month whenever I want.&rdquo;</p>\r\n<p>- Keira</p>",
          "occt_sc_testimonial_image": "themes/1345770/settings_images/tUEC8s3BTUmmR4o7PZYd_Keira.jpg",
          "occt_sc_testimonial_spacing": "medium"
        },
        "type": "occt_testimonial",
        "hidden": "false",
        "name": "OCCT Testimonial"
      },
      "1575654247027": {
        "settings": {
          "occt_sc_landing_vdo_ttl_1": "How to create",
          "occt_sc_landing_vdo_ttl_1_clr": "#e2c44f",
          "occt_sc_landing_vdo_ttl_2": "Online Business",
          "occt_sc_landing_vdo_ttl_2_clr": "#ffffff",
          "occt_sc_landing_vdo_description": "<p><span style=\"color: #ffffff;\">Lorem ipsum dolor sit amet, consectetur adipiscing elit, sed do eiusmod tempor incididunt ut labore et dolore magna aliqua.</span></p>",
          "occt_sc_landing_vdo_spacing": "medium",
          "occt_sc_landing_vdo_overlay_clr": "#1e1e24",
          "occt_sc_landing_vdo_btn_ttl": "Book a strategy call",
          "occt_sc_landing_vdo_btn_clr": "#e2c44f",
          "occt_sc_landing_vdo_btn_action_link": "http://www.kajabi.com",
          "autoplay": "false",
          "video": "3683328",
          "image": "themes/1345770/settings_images/z0kvOhHVSueciGPTXPsS_file.jpg",
          "video_color": "#e2c44f",
          "occt_sc_landing_vdo_main_centerd_img": "themes/1345770/settings_images/kOkSc4VeTguwMcX0HOwC_file.jpg"
        },
        "type": "occt_landing_video_section",
        "hidden": "false",
        "name": "OCCT Landing Vided Section"
      },
      "1575663340010": {
        "settings": {
          "occt_sc_about_ttl_1": "Click Below to apply",
          "occt_sc_about_ttl_1_clr": "#30373e",
          "occt_sc_about_ttl_2": "",
          "occt_sc_about_ttl_2_clr": "#30373e",
          "occt_sc_about_spacing": "medium",
          "occt_sc_about_logo_img": "",
          "occt_sc_about_banner_clr": "#e2c44f",
          "occt_sc_about_bg_img": "themes/1345770/settings_images/aFsj9SwPSMOIiwyg4qIa_file.jpg",
          "occt_sc_about_main_img": "themes/1345770/settings_images/9HWHhiTdmZ4yg0nlyktw_NUzhkFnvRSCxxNF20oqd_bw-brandon-c.png",
          "occt_sc_about_description": "<p>Lorem ipsum dolor sit amet, consectetur adipiscing elit, sed do eiusmod tempor incididunt ut labore et dolore magna aliqua.</p>",
          "occt_sc_about_btn_show": "true",
          "occt_sc_about_btn_ttl": "BOOK A STRATEGY CALL",
          "occt_sc_about_btn_clr": "#e2c44f",
          "occt_sc_about_btn_action_link": "http://www.kajabi.com"
        },
        "type": "occt_about_section",
        "hidden": "false",
        "name": "OCCT About Section"
      }
    },
    "text_color": "#000",
    "text_color_light": "#fff",
    "font_family": "Open Sans",
    "heading_font_family": "Montserrat",
    "color_primary": "#2e91fc",
    "color_offset": "#f9f9f9",
    "color_dark": "#34495e",
    "color_darker": "#272d34",
    "color_success": "#1abc9c",
    "color_info": "#34495e",
    "color_warning": "#f39c12",
    "color_danger": "#e74c3c",
    "color_page_bg": "#eeeeee",
    "color_container_bg": "",
    "use_bg_img": "false",
    "page_background_img": "",
    "v_align": "top",
    "container_width": "default",
    "favicon": "",
    "content_for_index": [
      "",
      "1574091241035",
      "1574092833545",
      "1574102889009",
      "1573658472243",
      "1574088713814",
      "1574090697672",
      "1575576551566",
      "1575576882651",
      "1575305170259",
      "1575311306596",
      "1575314238983",
      "1575654247027",
      "1575663340010"
    ],
    "text_color_body": "#55636F",
    "heading_font_weight": "700",
    "font_size_base": "16px",
    "font_size_hero": "60px",
    "recover_text": "Recover Password",
    "email_text": "Email",
    "recovery_text": "Send Recovery Info",
    "login_text": "Login",
    "reset_text": "Create new password",
    "new_password": "Enter New Password",
    "confirm_password": "Confirm Password",
    "reset_btn": "Submit",
    "show_comments": "false",
    "short_code": ""
  }
}